SentimentCategory,AvgLikes,AvgRetweets
Negative,72.54285714285714,24.4
Neutral,63.925925925925924,22.37037037037037
Positive,69.63157894736842,24.94736842105263
