AgeGroup,AvgLikes,AvgRetweets
Senior,73.29166666666667,25.166666666666668
Teen,72.56,20.96
Adult,65.45098039215686,25.058823529411764
